Brand Name,Get Started URL,README Link
Rosemary,https://yasgui-with-rosemary.github.io/docs,https://raw.githubusercontent.com/yasgui-with-rosemary/docs/main/README.md
Xenon,https://github.com/xenon-middleware/xenon,https://raw.githubusercontent.com/xenon-middleware/xenon/master/README.md
Xenon Docker images,https://github.com/xenon-middleware/xenon-docker-images,https://raw.githubusercontent.com/xenon-middleware/xenon-docker-images/master/README.md
xarray-regrid,https://xarray-regrid.readthedocs.io/,https://raw.githubusercontent.com/xarray-contrib/xarray-regrid/main/README.md
Workflomics,https://github.com/workflomics/workflomics-frontend,https://raw.githubusercontent.com/workflomics/workflomics-frontend/main/README.md
GGIR,https://cran.r-project.org/web/packages/GGIR/vignettes/GGIR.html,https://raw.githubusercontent.com/wadpac/GGIR/master/README.md
votca-xtp,https://www.votca.org,https://raw.githubusercontent.com/votca/xtp/master/README.md
Virus Seq,https://virusseq-dataportal.ca/,https://raw.githubusercontent.com/virusseq/portal-ui/main/README.md
Vantage6,https://vantage6.ai/,https://raw.githubusercontent.com/vantage6/vantage6/main/README.md
Open Computational Multiphysics ,https://opencmp.io/,https://raw.githubusercontent.com/uw-comphys/opencmp/main/README.md
Yoda,https://utrechtuniversity.github.io/yoda/,https://raw.githubusercontent.com/utrechtuniversity/yoda/master/README.md
chimp-classifier,https://utrechtuniversity.github.io/animal-sounds/,https://raw.githubusercontent.com/utrechtuniversity/animal-sounds/main/README.md
Radiam,https://radiam.readthedocs.io/en/latest/,https://raw.githubusercontent.com/usask-rc/radiam/master/README.md
UNSAT3D,https://unsat3d.github.io/unsat/,https://raw.githubusercontent.com/unsat3d/unsat/main/README.md
Umple,https://cruise.umple.org/umple/,https://raw.githubusercontent.com/umple/umple/master/README.md
Geodisy,https://geo.frdr-dfdr.ca/,https://raw.githubusercontent.com/ubc-library/geodisy/master/README.md
Twiqs,https://github.com/twinl/website,https://raw.githubusercontent.com/twinl/website/master/README.md
STMtools,https://tudelftgeodesy.github.io/stmtools/,https://raw.githubusercontent.com/tudelftgeodesy/stmtools/main/README.md
splithalfr,https://github.com/tpronk/splithalfr#getting-started,https://raw.githubusercontent.com/tpronk/splithalfr/main/README.md
tortellini,https://github.com/marketplace/actions/tortellini-action,https://raw.githubusercontent.com/tortellini-tools/action/main/README.md
HORTON,http://theochem.github.io/horton/2.1.1/index.html,https://raw.githubusercontent.com/theochem/horton/master/README.md
ChemTools,https://chemtools.org/,https://raw.githubusercontent.com/theochem/chemtools/master/README.md
One button compute,https://github.com/surf-eds/one-button-compute,https://raw.githubusercontent.com/surf-eds/one-button-compute/master/README.md
Platalea,https://github.com/spokenlanguage/platalea,https://raw.githubusercontent.com/spokenlanguage/platalea/master/README.md
SPEX X-ray spectral fitting package,https://spex-xray.github.io/spex-help/index.html,https://raw.githubusercontent.com/spex-xray/spex-help/master/README.md
Pyspextools,https://spex-xray.github.io/pyspextools/,https://raw.githubusercontent.com/spex-xray/pyspextools/master/README.md
iReceptor Gateway,http://www.ireceptor.org/,https://raw.githubusercontent.com/sfu-ireceptor/gateway/master/README.md
RESTful APE,https://github.com/sanctuuary/restape,https://raw.githubusercontent.com/sanctuuary/restape/main/README.md
APE,https://ape-framework.readthedocs.io/en/latest/,https://raw.githubusercontent.com/sanctuuary/APE/main/README.md
Research Lifecycle Approach using Islandora,https://islandora-rdm.researchspaces.ca/,https://raw.githubusercontent.com/roblib/rdm-playbook/master/README.md
ReSurfEMG,https://resurfemg.github.io/ReSurfEMG/,https://raw.githubusercontent.com/resurfemg/ReSurfEMG/main/README.md
Research Software Directory,https://research-software-directory.org,https://raw.githubusercontent.com/research-software-directory/RSD-as-a-service/main/README.md
REE-HDSC,https://github.com/ree-hdsc/ree-hdsc,https://raw.githubusercontent.com/ree-hdsc/ree-hdsc/master/README.md
recipy,https://github.com/recipy/recipy,https://raw.githubusercontent.com/recipy/recipy/master/README.md
wntr-quantum,https://github.com/quantumapplicationlab/wntr-quantum,https://raw.githubusercontent.com/quantumapplicationlab/wntr-quantum/main/README.md
qubols,https://github.com/quantumapplicationlab/qubols,https://raw.githubusercontent.com/quantumapplicationlab/qubols/master/README.md
qubops,https://github.com/quantumapplicationlab/qubols,https://raw.githubusercontent.com/quantumapplicationlab/qubols/master/README.md
Quantum Newton Raphson,https://github.com/quantumapplicationlab/quantumnewtonraphson,https://raw.githubusercontent.com/quantumapplicationlab/quantumnewtonraphson/main/README.md
hhl-prototype,https://github.com/quantumapplicationlab/hhl-prototype,https://raw.githubusercontent.com/quantumapplicationlab/hhl-prototype/main/README.md
qc2,https://github.com/qc2nl/qc2,https://raw.githubusercontent.com/qc2nl/qc2/main/README.md
PuReGoMe,https://github.com/puregome/notebooks,https://raw.githubusercontent.com/puregome/notebooks/master/README.md
bird-cloud-gnn,https://github.com/point-cloud-radar/bird-cloud-gnn/blob/main/README.md,https://raw.githubusercontent.com/point-cloud-radar/bird-cloud-gnn/main/README.md
PhenoTips,https://phenotips.com/index.html,https://raw.githubusercontent.com/phenotips/phenotips/master/README.md
Springtime,https://springtime.readthedocs.io/en/latest/,https://raw.githubusercontent.com/phenology/springtime/main/README.md
DumME,https://github.com/phenology/dumme,https://raw.githubusercontent.com/phenology/dumme/main/README.md
IRIDA,https://irida.ca/,https://raw.githubusercontent.com/phac-nml/irida/main/README.md
parareal,https://parallelwindfarms.github.io/parareal,https://raw.githubusercontent.com/parallelwindfarms/parareal/main/README.md
byteparsing,https://parallelwindfarms.github.io/byteparsing/,https://raw.githubusercontent.com/parallelwindfarms/byteparsing/master/README.md
Overture Score,https://www.overture.bio/products/score/,https://raw.githubusercontent.com/overture-stack/score/master/README.md
Overture Maestro,https://www.overture.bio/products/maestro/,https://raw.githubusercontent.com/overture-stack/maestro/master/README.md
Overture Ego,https://www.overture.bio/products/ego/,https://raw.githubusercontent.com/overture-stack/ego/main/README.md
Overture Data Management System,https://www.overture.bio/,https://raw.githubusercontent.com/overture-stack/dms/main/README.md
Overture Arranger,https://www.overture.bio/products/arranger/,https://raw.githubusercontent.com/overture-stack/arranger/main/README.md
Overture Song,https://www.overture.bio/products/song/,https://raw.githubusercontent.com/overture-stack/SONG/master/README.md
openPSTD,http://www.openpstd.org/wiki/index.php/OpenPSTD,https://raw.githubusercontent.com/openPSTD/openPSTD/master/README.md
Hercules,https://github.com/online-behaviour/machine-learning,https://raw.githubusercontent.com/online-behaviour/machine-learning/master/README.md
Lysander,https://github.com/online-behaviour/find-journalists,https://raw.githubusercontent.com/online-behaviour/find-journalists/master/README.md
OMUSE,https://github.com/omuse-geoscience/omuse,https://raw.githubusercontent.com/omuse-geoscience/omuse/master/README.md
OBiBa Opal,https://www.obiba.org/pages/products/opal/,https://raw.githubusercontent.com/obiba/opal/master/README.md
OBiBa Mica,https://www.obiba.org/pages/products/mica/,https://raw.githubusercontent.com/obiba/mica2/master/README.md
OBiBa Agate,https://www.obiba.org/pages/products/agate/,https://raw.githubusercontent.com/obiba/agate/master/README.md
oTree Waiting Room,https://github.com/obeliss-nlesc/otree-waiting-room/blob/main/README.md,https://raw.githubusercontent.com/obeliss-nlesc/otree-waiting-room/main/README.md
oTree Development Environment,https://github.com/obeliss-nlesc/otree-docker/blob/main/README.md,https://raw.githubusercontent.com/obeliss-nlesc/otree-docker/main/README.md
GameBus FHIR Layer,https://fhir-layer.readthedocs.io,https://raw.githubusercontent.com/nwo-strap/gamebus-fhir-layer/main/README.md
NPLinker,https://nplinker.github.io/nplinker,https://raw.githubusercontent.com/nplinker/nplinker/main/README.md
SPOT,http://nlesc.github.io/spot,https://raw.githubusercontent.com/nlesc/spot/master/README.md
scriptcwl,https://github.com/nlesc/scriptcwl,https://raw.githubusercontent.com/nlesc/scriptcwl/master/README.rst
LitStudy,https://nlesc.github.io/litstudy/index.html,https://raw.githubusercontent.com/nlesc/litstudy/master/README.md
eEecology Classification,http://nlesc.github.io/eEcology-Classification/,https://raw.githubusercontent.com/nlesc/eEcology-Classification/master/readme.md
Case Law App,https://nlesc.github.io/case-law-app/,https://raw.githubusercontent.com/nlesc/case-law-app/master/README.md
StoryTeller,http://nlesc.github.io/UncertaintyVisualization/,https://raw.githubusercontent.com/nlesc/UncertaintyVisualization/master/README.md
MAGMa,https://nlesc.github.io/MAGMa,https://raw.githubusercontent.com/nlesc/MAGMa/master/README.rst
I-EMIC,https://github.com/nlesc-smcm/i-emic/blob/master/run/ocean/workflow.org,https://raw.githubusercontent.com/nlesc-smcm/i-emic/master/README.md
Emma,https://github.com/nlesc-sherlock/emma#emma,https://raw.githubusercontent.com/nlesc-sherlock/emma/master/README.md
cudawrappers,https://cudawrappers.readthedocs.io/en/latest/,https://raw.githubusercontent.com/nlesc-recruit/cudawrappers/main/README.md
SAGECal,https://github.com/nlesc-dirac/sagecal,https://raw.githubusercontent.com/nlesc-dirac/sagecal/master/README.md
KMM,https://nlesc-compas.github.io/kmm/,https://raw.githubusercontent.com/nlesc-compas/kmm/main/README.md
Compas Toolkit,https://nlesc-compas.github.io/compas-toolkit/,https://raw.githubusercontent.com/nlesc-compas/compas-toolkit/main/README.md
Allelic Variation Explorer,https://github.com/nlesc-ave/ave-rest-service,https://raw.githubusercontent.com/nlesc-ave/ave-rest-service/master/README.md
BIOMERO,https://nl-bioimaging.github.io/biomero/,https://raw.githubusercontent.com/nl-bioimaging/biomero/main/README.md
GSA report,https://www.nikivanstein.nl/GSAreport/1.0.1/,https://raw.githubusercontent.com/nikivanstein/GSAreport/main/README.md
NEWSGAC platform,https://github.com/newsgac/platform,https://raw.githubusercontent.com/newsgac/platform/master/README.md
Slurm time on Jupyter,https://github.com/nesi/jupyterlab_slurm_time/blob/main/README.md,https://raw.githubusercontent.com/nesi/jupyterlab_slurm_time/main/README.md
Orange3 Story Navigator,https://github.com/navigating-stories/orange-story-navigator,https://raw.githubusercontent.com/navigating-stories/orange-story-navigator/master/README.md
TaxoTagger,https://mycoai.github.io/taxotagger,https://raw.githubusercontent.com/mycoai/taxotagger/main/README.md
admtools,https://mindthegap-erc.github.io/admtools/,https://raw.githubusercontent.com/mindthegap-erc/admtools/main/README.md
StratPal,https://mindthegap-erc.github.io/StratPal/,https://raw.githubusercontent.com/mindthegap-erc/StratPal/main/README.md
MiBiPreT,https://mibipret.github.io/mibipret/,https://raw.githubusercontent.com/mibipret/mibipret/main/README.md
Anatrans,https://mibipret.github.io/anatrans/,https://raw.githubusercontent.com/mibipret/anatrans/main/README.md
mexca,https://mexca.readthedocs.io/en/latest/,https://raw.githubusercontent.com/mexca/mexca/main/README.md
emvoice,https://emvoice.readthedocs.io/en/latest/index.html,https://raw.githubusercontent.com/mexca/emvoice/main/README.md
MS2DeepScore,https://github.com/matchms/ms2deepscore,https://raw.githubusercontent.com/matchms/ms2deepscore/main/README.md
matchms,https://github.com/matchms/matchms,https://raw.githubusercontent.com/matchms/matchms/master/README.rst
MapReader,https://mapreader.readthedocs.io/en/latest/,https://raw.githubusercontent.com/maps-as-data/MapReader/main/README.md
speckcn2,https://males-project.github.io/SpeckleCn2Profiler/,https://raw.githubusercontent.com/males-project/SpeckleCn2Profiler/main/README.md
Lightning,https://github.com/lightning-project/lightning,https://raw.githubusercontent.com/lightning-project/lightning/main/README.md
Kernel Tuner,https://kerneltuner.github.io/kernel_tuner/stable/index.html,https://raw.githubusercontent.com/kerneltuner/kernel_tuner/master/README.md
Kernel Launcher,https://kerneltuner.github.io/kernel_launcher/,https://raw.githubusercontent.com/kerneltuner/kernel_launcher/master/README.md
check-deps,https://jhidding.github.io/check-deps,https://raw.githubusercontent.com/jhidding/check-deps/main/README.md
GraphvizDotLang.jl,https://jhidding.github.io/GraphvizDotLang.jl,https://raw.githubusercontent.com/jhidding/GraphvizDotLang.jl/main/README.md
sirup,https://sirup-vpn.readthedocs.io/en/latest/,https://raw.githubusercontent.com/ivory-tower-private-power/sirup/main/README.md
spec2vec,https://github.com/iomega/spec2vec,https://raw.githubusercontent.com/iomega/spec2vec/master/README.rst
Paired omics data platform,http://pairedomicsdata.bioinformatics.nl/,https://raw.githubusercontent.com/iomega/paired-data-form/master/README.md
UnrollingAverages.jl,https://inphyt.github.io/UnrollingAverages.jl,https://raw.githubusercontent.com/inphyt/UnrollingAverages.jl/main/README.md
ICOS CP python library,https://icos-carbon-portal.github.io/pylib/,https://raw.githubusercontent.com/icos-carbon-portal/pylib/master/README.md
ICGC ARGO ,https://platform.icgc-argo.org/,https://raw.githubusercontent.com/icgc-argo/argo-docs/main/README.md
iBridges,https://ibridges.readthedocs.io/en/v0.2.3/quickstart.html,https://raw.githubusercontent.com/iBridges-for-iRODS/iBridges/main/README.md
haddock3-ui,https://i-vresse.github.io/haddock3-ui/,https://raw.githubusercontent.com/i-vresse/haddock3-ui/main/README.md
i-VRESSE workflow-builder,https://github.com/i-VRESSE/workflow-builder,https://raw.githubusercontent.com/i-VRESSE/workflow-builder/main/README.md
pdbtbx-ts,https://github.com/i-VRESSE/pdbtbx-ts,https://raw.githubusercontent.com/i-VRESSE/pdbtbx-ts/main/README.md
i-VRESSE jupyterlab haddock3 configurator,https://github.com/i-VRESSE/jupyterlab-haddock3-configurator/blob/main/README.md,https://raw.githubusercontent.com/i-VRESSE/jupyterlab-haddock3-configurator/main/README.md
haddock3-webapp,https://github.com/i-VRESSE/haddock3-webapp,https://raw.githubusercontent.com/i-VRESSE/haddock3-webapp/main/README.md
Components for Haddock3 analysis,https://github.com/i-VRESSE/haddock3-analysis-components,https://raw.githubusercontent.com/i-VRESSE/haddock3-analysis-components/main/README.md
i-VRESSE bartender,https://github.com/i-VRESSE/bartender/blob/main/README.md,https://raw.githubusercontent.com/i-VRESSE/bartender/main/README.md
nanomesh,https://nanomesh.readthedocs.io/,https://raw.githubusercontent.com/hpgem/nanomesh/main/README.md
HPGEM,https://github.com/hpgem/hpgem,https://raw.githubusercontent.com/hpgem/hpgem/master/README.md
Harmony,https://www.youtube.com/watch?v=cEZppTBj1NI&t=1s,https://raw.githubusercontent.com/harmonydata/harmony/main/README.md
haddock3,https://www.bonvinlab.org/haddock3/,https://raw.githubusercontent.com/haddocking/haddock3/main/README.md
H-gear,https://h-gear.github.io/revolution/,https://raw.githubusercontent.com/h-gear/revolution/main/README.md
AstronomicAL,https://astronomical.readthedocs.io/en/latest/,https://raw.githubusercontent.com/grant-m-s/AstronomicAL/master/README.md
pyglotaran,https://pyglotaran.readthedocs.io/,https://raw.githubusercontent.com/glotaran/pyglotaran/main/README.md
Glotaran,https://glotaran.github.io/legacy/,https://raw.githubusercontent.com/glotaran/glotaran-legacy/main/README.md
TIMP,https://www.jstatsoft.org/article/view/v018i03,https://raw.githubusercontent.com/glotaran/TIMP/main/README.md
Atlascine,https://rs-atlascine.concordia.ca/index.html,https://raw.githubusercontent.com/geomedialab/atlascine/main/README.md
Geoflow visualizer,https://geoflow-visualizer.github.io/geoflow-visualizer/,https://raw.githubusercontent.com/geoflow-visualizer/geoflow-visualizer/main/README.md
CHAMP-EU,https://trex-coe.github.io/champ-user-manual/,https://raw.githubusercontent.com/filippi-claudia/champ/main/README.md
Drug named entity recognition,https://fastdatascience.com/drug-named-entity-recognition-python-library/,https://raw.githubusercontent.com/fastdatascience/drug_named_entity_recognition/main/README.md
nanopub,https://nanopub.readthedocs.io/en/latest/,https://raw.githubusercontent.com/fair-workflows/nanopub/main/README.md
fairworkflows,https://github.com/fair-workflows/fairworkflows,https://raw.githubusercontent.com/fair-workflows/fairworkflows/main/README.md
NanopubJL,https://github.com/fair-workflows/NanopubJL,https://raw.githubusercontent.com/fair-workflows/NanopubJL/master/README.md
fairtally,https://github.com/fair-software/fairtally,https://raw.githubusercontent.com/fair-software/fairtally/main/README.rst
FAIR Data Point Client,https://github.com/fair-data/fairdatapoint-client,https://raw.githubusercontent.com/fair-data/fairdatapoint-client/master/README.md
Storyboards,https://github.com/eucp-project/storyboards,https://raw.githubusercontent.com/eucp-project/storyboards/main/README.md
Atlas of climate projections,https://eucp-project.github.io/atlas/,https://raw.githubusercontent.com/eucp-project/atlas/main/README.md
Introduction to Geospatial Raster and Vector Data with Python,https://esciencecenter-digital-skills.github.io/geospatial-python/,https://raw.githubusercontent.com/esciencecenter-digital-skills/geospatial-python/main/README.md
NEBULA,https://github.com/esciencecenter-digital-skills/NEBULA,https://raw.githubusercontent.com/esciencecenter-digital-skills/NEBULA/main/README.md
Ersilia Model Hub,https://ersilia.gitbook.io/ersilia-book,https://raw.githubusercontent.com/ersilia-os/ersilia/master/README.md
WRFpy,https://github.com/era-urban/wrfpy,https://raw.githubusercontent.com/era-urban/wrfpy/master/README.rst
Entangled,https://entangled.github.io/,https://raw.githubusercontent.com/entangled/entangled.py/main/README.md
Emo-spectre,https://github.com/emrecdem/emo-spectre,https://raw.githubusercontent.com/emrecdem/emo-spectre/master/README.md
scikit-talk,https://sktalk.readthedocs.io/en/latest/?badge=latest,https://raw.githubusercontent.com/elpaco-escience/scikit-talk/main/README.md
Bacting,https://github.com/egonw/bacting/blob/main/README.md,https://raw.githubusercontent.com/egonw/bacting/main/README.md
SFINCS-BMI-server,https://github.com/eWaterCycle/sfincs-bmi-server/,https://raw.githubusercontent.com/eWaterCycle/sfincs-bmi-server/main/README.md
GitHub action to set up singularity,https://github.com/marketplace/actions/setup-singularity,https://raw.githubusercontent.com/eWaterCycle/setup-singularity/master/README.md
GitHub action to set up gRPC,https://github.com/marketplace/actions/setup-grpc,https://raw.githubusercontent.com/eWaterCycle/setup-grpc/main/README.md
GitHub action to set up apptainer,https://github.com/eWaterCycle/setup-apptainer,https://raw.githubusercontent.com/eWaterCycle/setup-apptainer/main/README.md
JupyterLab dataset browser for THREDDS,https://github.com/eWaterCycle/jupyterlab_thredds,https://raw.githubusercontent.com/eWaterCycle/jupyterlab_thredds/master/README.md
eWatercycle SURF Research Cloud,https://github.com/eWaterCycle/infra/blob/main/README.md,https://raw.githubusercontent.com/eWaterCycle/infra/main/README.md
grpc4bmi,https://grpc4bmi.readthedocs.io,https://raw.githubusercontent.com/eWaterCycle/grpc4bmi/main/README.md
Experiment Launcher,https://github.com/eWaterCycle/experiment-launcher,https://raw.githubusercontent.com/eWaterCycle/experiment-launcher/main/README.md
ewatercycle,https://ewatercycle.readthedocs.io/en/stable/,https://raw.githubusercontent.com/eWaterCycle/ewatercycle/main/README.md
ewatercycle-wflow,https://github.com/eWaterCycle/ewatercycle-wflow,https://raw.githubusercontent.com/eWaterCycle/ewatercycle-wflow/main/README.md
ewatercycle-pcrglobwb,https://github.com/eWaterCycle/ewatercycle-pcrglobwb,https://raw.githubusercontent.com/eWaterCycle/ewatercycle-pcrglobwb/main/README.md
ewatercycle-marrmot,https://github.com/eWaterCycle/ewatercycle-marrmot/,https://raw.githubusercontent.com/eWaterCycle/ewatercycle-marrmot/main/README.md
ewatercycle-lisflood,https://github.com/eWaterCycle/ewatercycle-lisflood,https://raw.githubusercontent.com/eWaterCycle/ewatercycle-lisflood/main/README.md
ewatercycle-hype,https://github.com/eWaterCycle/ewatercycle-hype,https://raw.githubusercontent.com/eWaterCycle/ewatercycle-hype/main/README.md
era5cli,https://era5cli.readthedocs.io,https://raw.githubusercontent.com/eWaterCycle/era5cli/main/README.md
eWaterLeaf,https://github.com/eWaterCycle/eWaterleaf,https://raw.githubusercontent.com/eWaterCycle/eWaterleaf/master/README.md
Cesium-ncWMS,https://github.com/eWaterCycle/Cesium-NcWMS,https://raw.githubusercontent.com/eWaterCycle/Cesium-NcWMS/master/README.md
PyELSEPA,https://github.com/eScatter/pyelsepa,https://raw.githubusercontent.com/eScatter/pyelsepa/master/README.rst
laserchicken,https://laserchicken.readthedocs.io/en/latest/,https://raw.githubusercontent.com/eEcoLiDAR/laserchicken/master/README.md
Laserfarm,https://laserfarm.readthedocs.io/en/latest/,https://raw.githubusercontent.com/eEcoLiDAR/Laserfarm/master/README.md
Orange Hackathon,https://github.com/e-mental-health/orange-hackathon,https://raw.githubusercontent.com/e-mental-health/orange-hackathon/master/README.md
Data Processing (What Works When for Whom),https://github.com/e-mental-health/data-processing,https://raw.githubusercontent.com/e-mental-health/data-processing/master/README.md
imas2xarray,https://imas2xarray.readthedocs.io,https://raw.githubusercontent.com/duqtools/imas2xarray/main/README.md
duqtools,https://duqtools.readthedocs.io,https://raw.githubusercontent.com/duqtools/duqtools/main/README.md
cleanX,https://github.com/drcandacemakedamoore/cleanX,https://raw.githubusercontent.com/drcandacemakedamoore/cleanX/main/README.md
Discuit,https://pypi.org/project/discuit/,https://raw.githubusercontent.com/doerte/discuit-project/main/README.md
Petri Nets on Hyperledger,https://github.com/dl4ld/petrinet/blob/main/README.md,https://raw.githubusercontent.com/dl4ld/petrinet/main/README.md
4CAT Capture & Analysis Toolkit,https://4cat.nl,https://raw.githubusercontent.com/digitalmethodsinitiative/4cat/master/README.md
Explainable embeddings,https://github.com/dianna-ai/explainable_embedding,https://raw.githubusercontent.com/dianna-ai/explainable_embedding/main/README.md
Distance explainer,https://github.com/dianna-ai/distance_explainer,https://raw.githubusercontent.com/dianna-ai/distance_explainer/main/README.md
DIANNA,https://dianna-ai.github.io/dianna/,https://raw.githubusercontent.com/dianna-ai/dianna/main/README.md
fsbrain,https://github.com/dfsp-spirit/fsbrain/blob/master/README.md#Documentation,https://raw.githubusercontent.com/dfsp-spirit/fsbrain/master/README.md
Review Argumentation at Scale,https://github.com/davideceolin/FAReviews/blob/master/README.md,https://raw.githubusercontent.com/davideceolin/FAReviews/master/README.md
ClinDIG,https://github.com/data-team-uhn/clindig,https://raw.githubusercontent.com/data-team-uhn/clindig/main/README.md
DALES,https://github.com/dalesteam/dales/wiki/,https://raw.githubusercontent.com/dalesteam/dales/main/README.md
CWRC-Writer,https://cwrc-writer.cwrc.ca/,https://raw.githubusercontent.com/cwrc/CWRC-WriterBase/master/README.md
COPASI,https://copasi.org/Support/,https://raw.githubusercontent.com/copasi/COPASI/master/README.md
LUE,https://lue.computationalgeography.org,https://raw.githubusercontent.com/computationalgeography/lue/master/README.md
CLASS-web,https://classmodel.github.io/class-web,https://raw.githubusercontent.com/classmodel/class-web/main/README.md
rcoins,https://cityriverspaces.github.io/rcoins/,https://raw.githubusercontent.com/cityriverspaces/rcoins/main/README.md
CRiSp,https://cityriverspaces.github.io/CRiSp/,https://raw.githubusercontent.com/cityriverspaces/CRiSp/main/README.md
ISAAC Chrome extension,https://chrome.google.com/webstore/detail/isaac-chrome-extension/kiljfbiapahlahhilgcgfkfjnkgggode?hl=en-GB&authuser=0,https://raw.githubusercontent.com/citation-js/isaac-chrome-extension/main/README.md
citation.js,https://citation.js.org/,https://raw.githubusercontent.com/citation-js/citation-js/main/README.md
Citation File Format,https://citation-file-format.github.io/,https://raw.githubusercontent.com/citation-file-format/citation-file-format/main/README.md
cffconvert GitHub Action,https://github.com/marketplace/actions/cffconvert,https://raw.githubusercontent.com/citation-file-format/cffconvert-github-action/main/README.md
cffinit,https://citation-file-format.github.io/cff-initializer-javascript/,https://raw.githubusercontent.com/citation-file-format/cff-initializer-javascript/main/README.md
cffconvert,https://github.com/citation-file-format/cff-converter-python,https://raw.githubusercontent.com/citation-file-format/cff-converter-python/main/README.md
self-hosted runners,https://github.com/ci-for-science/self-hosted-runners,https://raw.githubusercontent.com/ci-for-science/self-hosted-runners/master/README.md
iBridges-GUI,https://chstaiger.github.io/iBridges-Gui/docs/getting-started.html,https://raw.githubusercontent.com/chstaiger/iBridges-Gui/main/README.md
Chemistry Development Kit,https://cdk.github.io/,https://raw.githubusercontent.com/cdk/cdk/main/README.md
caselawnet,https://github.com/caselawanalytics/CaseLawAnalytics,https://raw.githubusercontent.com/caselawanalytics/CaseLawAnalytics/master/README.md
Introduction to deep learning lesson,https://carpentries-incubator.github.io/deep-learning-intro/,https://raw.githubusercontent.com/carpentries-incubator/deep-learning-intro/main/README.md
Carbon Budget Explorer (CABE),https://carbonbudgetexplorer.nl/,https://raw.githubusercontent.com/carbon-budget-explorer/cabe/main/README.md
Canadian Advanced Network for Astronomical Research (CANFAR),https://www.canfar.net/en/,https://raw.githubusercontent.com/canfar/canfarproc/master/README.md
SIGA.py,https://github.com/candYgene/siga,https://raw.githubusercontent.com/candYgene/siga/master/README.md
pbg-ld,https://github.com/candYgene/pbg-ld,https://raw.githubusercontent.com/candYgene/pbg-ld/master/README.md
QTLTableMiner++,https://github.com/candYgene/QTM,https://raw.githubusercontent.com/candYgene/QTM/master/README.md
CanDIG CHORD,https://chord-docs.readthedocs.io/en/latest/,https://raw.githubusercontent.com/c3g/chord_singularity/master/README.md
Beyond the book,https://github.com/c-martinez/BeyondTheBook/blob/master/PageContributionByCountry.ipynb,https://raw.githubusercontent.com/c-martinez/BeyondTheBook/master/README.md
BridgeDb Webservice,https://webservice.bridgedb.org/,https://raw.githubusercontent.com/bridgedb/BridgeDbWebservice/main/README.md
BridgeDbR,https://www.bioconductor.org/packages/release/bioc/html/BridgeDbR.html,https://raw.githubusercontent.com/bridgedb/BridgeDbR/master/README.md
BridgeDb Java,http://bridgedb.org/,https://raw.githubusercontent.com/bridgedb/BridgeDb/main/README.md
cvasl,https://brainspinner.github.io/cvasl/,https://raw.githubusercontent.com/brainspinner/cvasl/main/README.md
tsdf,https://biomarkersparkinson.github.io/tsdf/,https://raw.githubusercontent.com/biomarkersparkinson/tsdf/main/README.md
paradigma,https://biomarkersparkinson.github.io/paradigma/,https://raw.githubusercontent.com/biomarkersparkinson/paradigma/main/README.md
Democracy Scraping Tool,https://github.com/backdem/scrape-tool/blob/main/README.md,https://raw.githubusercontent.com/backdem/scrape-tool/main/README.md
doc2sentences,https://github.com/backdem/doc2sentences/blob/main/README.md,https://raw.githubusercontent.com/backdem/doc2sentences/main/README.md
Democracy Topic Modelling,https://github.com/backdem/democracy-topic-model/blob/main/README.md,https://raw.githubusercontent.com/backdem/democracy-topic-model/main/README.md
Democracy text classification,https://github.com/backdem/democracy-text-classification/blob/main/README.md,https://raw.githubusercontent.com/backdem/democracy-text-classification/main/README.md
Democracy Datasets,https://github.com/backdem/democracy-datasets,https://raw.githubusercontent.com/backdem/democracy-datasets/main/README.md
ASTRA Toolbox,https://astra-toolbox.com/docs/index.html,https://raw.githubusercontent.com/astra-toolbox/astra-toolbox/master/README.md
PIQMIe,https://github.com/arnikz/PIQMIe/blob/master/README.md,https://raw.githubusercontent.com/arnikz/PIQMIe/master/README.md
adhtools,https://github.com/arabic-digital-humanities/adhtools,https://raw.githubusercontent.com/arabic-digital-humanities/adhtools/master/README.md
Analizo,https://www.analizo.org/,https://raw.githubusercontent.com/analizo/analizo/main/README.md
AMUSE,http://www.amusecode.org/,https://raw.githubusercontent.com/amusecode/amuse/main/README.md
PyChelator,https://amrutelab.github.io/PyChelator/,https://raw.githubusercontent.com/amrutelab/PyChelator/main/README.md
Turing Data Safe Haven,https://data-safe-haven.readthedocs.io/en/latest/,https://raw.githubusercontent.com/alan-turing-institute/data-safe-haven/main/README.md
DTBase,https://github.com/alan-turing-institute/DTBase,https://raw.githubusercontent.com/alan-turing-institute/DTBase/main/README.md
aiproteomics,https://github.com/aiproteomics/aiproteomics/blob/main/README.md,https://raw.githubusercontent.com/aiproteomics/aiproteomics/main/README.md
IncompressibleNavierStokes,https://agdestein.github.io/IncompressibleNavierStokes.jl/dev/,https://raw.githubusercontent.com/agdestein/IncompressibleNavierStokes.jl/main/README.md
CBRAIN,https://portal.cbrain.mcgill.ca/login,https://raw.githubusercontent.com/aces/cbrain/master/README.md
BrainBrowser,https://brainbrowser.cbrain.mcgill.ca/,https://raw.githubusercontent.com/aces/brainbrowser/master/README.md
LORIS,https://loris.ca/,https://raw.githubusercontent.com/aces/Loris/main/README.md
HyperCanny,https://github.com/abrupt-climate/hyper-canny,https://raw.githubusercontent.com/abrupt-climate/hyper-canny/master/README.md
Abinit,https://abinit.github.io/abinit_web/,https://raw.githubusercontent.com/abinit/abinit_web/main/README.md
frbcat-web,https://github.com/aa-alert/frbcat-web,https://raw.githubusercontent.com/aa-alert/frbcat-web/master/README.md
WAM2layers,https://wam2layers.readthedocs.io/en/latest/?badge=latest,https://raw.githubusercontent.com/WAM2layers/WAM2layers/main/README.md
Revisited Via Appia,https://via-appia.netlify.app,https://raw.githubusercontent.com/Via-Appia/via-appia-online-viewer/main/README.md
MOTrainer,https://github.com/VegeWaterDynamics/motrainer#readme,https://raw.githubusercontent.com/VegeWaterDynamics/motrainer/main/README.md
Tweet_collector,https://github.com/UtrechtUniversity/tweet_collector/tree/main/guidelines,https://raw.githubusercontent.com/UtrechtUniversity/tweet_collector/main/README.md
Ricgraph - Research in context graph,https://github.com/UtrechtUniversity/ricgraph/blob/master/README.md,https://raw.githubusercontent.com/UtrechtUniversity/ricgraph/main/README.md
PBI,https://github.com/UtrechtUniversity/patent-breakthrough/tree/main/docs,https://raw.githubusercontent.com/UtrechtUniversity/patent-breakthrough/main/README.md
Internet Archive scraper,https://github.com/UtrechtUniversity/ia-webscraping/blob/main/README.md,https://raw.githubusercontent.com/UtrechtUniversity/ia-webscraping/main/README.md
anonymoUUs,https://github.com/UtrechtUniversity/anonymouus,https://raw.githubusercontent.com/UtrechtUniversity/anonymouus/main/README.md
WRF-runner,https://blog.esciencecenter.nl/un-wieldy-workflows-with-wrf-4a4947b88a98,https://raw.githubusercontent.com/Urban-M4/wrf-runner/main/README.md
Streetscapes,https://github.com/Urban-M4/streetscapes,https://raw.githubusercontent.com/Urban-M4/streetscapes/main/README.md
snakemake-wrf,https://blog.esciencecenter.nl/un-wieldy-workflows-with-wrf-4a4947b88a98,https://raw.githubusercontent.com/Urban-M4/snakemake-wrf/main/README.md
Cityblocks,https://github.com/Urban-M4/cityblocks,https://raw.githubusercontent.com/Urban-M4/cityblocks/main/README.md
COVID-19 Piedmont,https://github.com/UniTo-SEPI/COVID-19_Piedmont,https://raw.githubusercontent.com/UniTo-SEPI/COVID-19_Piedmont/main/README.md
Texcavator,https://github.com/UUDigitalHumanitieslab/texcavator,https://raw.githubusercontent.com/UUDigitalHumanitieslab/texcavator/master/README.rst
XrayTIFF2h5 ,https://github.com/UNSAT3D/XrayTIFF2h5,https://raw.githubusercontent.com/UNSAT3D/XrayTIFF2h5/main/README.md
nedextract,https://pypi.org/project/nedextract/,https://raw.githubusercontent.com/Transparency-in-the-non-profit-sector/nedextract/main/README.md
MPET,https://mpet.readthedocs.io,https://raw.githubusercontent.com/TRI-AMDD/mpet/master/README.md
PSRDADA python,https://github.com/TRASAL/psrdada-python,https://raw.githubusercontent.com/TRASAL/psrdada-python/master/README.md
frbcatdb,http://frbcatdb.readthedocs.io/en/latest/?badge=latest,https://raw.githubusercontent.com/TRASAL/frbcatdb/master/README.md
SlicerIGT,http://www.slicerigt.org/wp/,https://raw.githubusercontent.com/SlicerIGT/SlicerIGT/master/README.md
3D Slicer,https://www.slicer.org/,https://raw.githubusercontent.com/Slicer/Slicer/main/README.md
SimVascular,http://simvascular.github.io/,https://raw.githubusercontent.com/SimVascular/SimVascular/master/README.md
Mahiru,https://github.com/SecConNet/mahiru/blob/develop/docs/distributed_scenarios.rst,https://raw.githubusercontent.com/SecConNet/mahiru/master/README.rst
SSIML2021,https://github.com/SSIML2021/SSIML2021,https://raw.githubusercontent.com/SSIML2021/SSIML2021/main/README.md
SMP decision tree,https://github.com/SS-NES/docassemble-SMPDecisionTree,https://raw.githubusercontent.com/SS-NES/docassemble-SMPDecisionTree/main/README.md
QMflows,https://github.com/SCM-NV/qmflows,https://raw.githubusercontent.com/SCM-NV/qmflows/master/README.rst
pyZacros,https://pyzacros.readthedocs.io/en/latest/,https://raw.githubusercontent.com/SCM-NV/pyZacros/master/README.md
 ReSurfEMG-dashboard,https://github.com/ReSurfEMG/ReSurfEMG-dashboard#readme,https://raw.githubusercontent.com/ReSurfEMG/ReSurfEMG-dashboard/main/README.md
JupyterDaskOnSLURM,https://github.com/RS-DAT/JupyterDaskOnSLURM,https://raw.githubusercontent.com/RS-DAT/JupyterDaskOnSLURM/main/README.md
BenchmarkRecovery,https://github.com/RETURN-project/BenchmarkRecovery/blob/master/README.md,https://raw.githubusercontent.com/RETURN-project/BenchmarkRecovery/master/README.md
HERA_CAL_QUANTUM,https://github.com/QuantumRadioAstronomy/hera_cal_quantum,https://raw.githubusercontent.com/QuantumRadioAstronomy/hera_cal_quantum/main/README.md
vqls-prototype,https://github.com/QuantumApplicationLab/vqls-prototype,https://raw.githubusercontent.com/QuantumApplicationLab/vqls-prototype/main/README.md
qalcore,https://github.com/QuantumApplicationLab/qalcore,https://raw.githubusercontent.com/QuantumApplicationLab/qalcore/main/README.md
FAIRSECO,https://github.com/QDUNI/FairSECO/tree/main/docs,https://raw.githubusercontent.com/QDUNI/FairSECO/main/README.md
Plus Toolkit,https://plustoolkit.github.io/,https://raw.githubusercontent.com/PlusToolkit/PlusLib/master/README.md
PerfectFit,https://github.com/PerfectFit-project/virtual-coach-main/blob/main/README.md,https://raw.githubusercontent.com/PerfectFit-project/virtual-coach-main/main/README.md
PoreSpy,https://porespy.org/,https://raw.githubusercontent.com/PMEAL/porespy/master/README.md
PAVICS,https://pavics.ouranos.ca/,https://raw.githubusercontent.com/Ouranosinc/PAVICS-landing/master/README.md
OpenMS,https://www.openms.de/,https://raw.githubusercontent.com/OpenMS/OpenMS/master/README.md
OpenPNM,https://openpnm.org/,https://raw.githubusercontent.com/OpenMS/OpenMS/master/README.md
OpenDA,http://www.openda.org/,https://raw.githubusercontent.com/OpenDA-Association/OpenDA/master/README.md
OpenChrom,https://lablicate.com/marketplace/extensions/handbook,https://raw.githubusercontent.com/OpenChrom/openchrom/master/README.md
Parcels,https://oceanparcels.org/,https://raw.githubusercontent.com/OceanParcels/Parcels/main/README.md
Compass-school,https://github.com/ODISSEI-School-Choice/school-choice/blob/master/README.md#install-and-run,https://raw.githubusercontent.com/ODISSEI-School-Choice/school-choice/master/README.md
ZarrVis (Ruisdael),https://github.com/NLeSC/zarrviz,https://raw.githubusercontent.com/NLeSC/zarrviz/main/README.md
Xenon gRPC server,https://github.com/NLeSC/xenon-grpc,https://raw.githubusercontent.com/NLeSC/xenon-grpc/master/README.md
Xenon command line interface,https://github.com/NLeSC/xenon-cli,https://raw.githubusercontent.com/NLeSC/xenon-cli/master/README.md
Structure from Motion,https://github.com/NLeSC/structure-from-motion,https://raw.githubusercontent.com/NLeSC/structure-from-motion/master/README.md
Netherlands eScience Center Python Template,https://github.com/NLeSC/python-template,https://raw.githubusercontent.com/NLeSC/python-template/main/README.md
python-pcl,https://github.com/NLeSC/python-pcl,https://raw.githubusercontent.com/NLeSC/python-pcl/master/readme.rst
Osmium,https://github.com/NLeSC/osmium,https://raw.githubusercontent.com/NLeSC/osmium/master/README.rst
Noodles,http://noodles.readthedocs.io/en/latest/index.html,https://raw.githubusercontent.com/NLeSC/noodles/master/README.md
mcfly,https://github.com/NLeSC/mcfly/,https://raw.githubusercontent.com/NLeSC/mcfly/main/README.md
Lokum,https://github.com/NLeSC/lokum/blob/0.1.0/README.md,https://raw.githubusercontent.com/NLeSC/lokum/master/README.md
Hadrianus scripts,https://github.com/NLeSC/hadrianus-scripts,https://raw.githubusercontent.com/NLeSC/hadrianus-scripts/master/README.md
FAIR Data Point,https://github.com/NLeSC/fairdatapoint,https://raw.githubusercontent.com/NLeSC/fairdatapoint/master/README.md
MMSODA Toolbox for MATLAB,https://github.com/NLeSC/esibayes,https://raw.githubusercontent.com/NLeSC/esibayes/master/README.md
eEcology-SMS-reciever,https://github.com/NLeSC/eEcology-SMS-reciever,https://raw.githubusercontent.com/NLeSC/eEcology-SMS-reciever/master/README.md
eEcology Annotation Tool,http://www.uva-bits.nl/,https://raw.githubusercontent.com/NLeSC/eEcology-Annotation-WS/master/README.md
eAstroViz,https://github.com/NLeSC/eAstroViz,https://raw.githubusercontent.com/NLeSC/eAstroViz/master/README.md
Cross-perspective Topic Modeling,https://github.com/NLeSC/cptm,https://raw.githubusercontent.com/NLeSC/cptm/master/README.md
boatswain,https://github.com/NLeSC/boatswain,https://raw.githubusercontent.com/NLeSC/boatswain/master/README.rst
Baklava,https://github.com/NLeSC/baklava,https://raw.githubusercontent.com/NLeSC/baklava/master/README.md
AHN point cloud viewer web service,https://github.com/NLeSC/ahn-pointcloud-viewer,https://raw.githubusercontent.com/NLeSC/ahn-pointcloud-viewer/master/README.md
AHN2 pointcloud viewer,http://ahn2.pointclouds.nl,https://raw.githubusercontent.com/NLeSC/ahn-pointcloud-viewer/master/README.md
ShiCo,https://github.com/NLeSC/ShiCo,https://raw.githubusercontent.com/NLeSC/ShiCo/master/README.MD
SalientDetector-python,https://github.com/NLeSC/SalientDetector-python/blob/master/README.md,https://raw.githubusercontent.com/NLeSC/SalientDetector-python/master/README.md
SalientDetector-matlab,https://github.com/NLeSC/SalientDetector-matlab/blob/master/README.md,https://raw.githubusercontent.com/NLeSC/SalientDetector-matlab/master/README.md
SalientDescriptor-matlab,https://github.com/NLeSC/SalientDescriptor-matlab/blob/master/README.md,https://raw.githubusercontent.com/NLeSC/SalientDescriptor-matlab/master/README.md
Via Appia Visualization,https://github.com/NLeSC/PattyVis,https://raw.githubusercontent.com/NLeSC/PattyVis/master/README.md
PattyAnalytics,https://github.com/NLeSC/PattyAnalytics,https://raw.githubusercontent.com/NLeSC/PattyAnalytics/master/README.rst
OCTSEG,https://github.com/NLeSC/OCTSegmentation,https://raw.githubusercontent.com/NLeSC/OCTSegmentation/master/README.md
Massive PotreeConverter,https://github.com/NLeSC/Massive-PotreeConverter/blob/master/README.md,https://raw.githubusercontent.com/NLeSC/Massive-PotreeConverter/master/README.md
EEG epilepsy diagnosis,https://github.com/NLeSC/EEG-epilepsy-diagnosis,https://raw.githubusercontent.com/NLeSC/EEG-epilepsy-diagnosis/master/README.md
Dive,https://github.com/NLeSC/DiVE,https://raw.githubusercontent.com/NLeSC/DiVE/master/README.md
Chemical Analytics Platform,https://github.com/NLeSC/Chemical-Analytics-Platform#usage,https://raw.githubusercontent.com/NLeSC/Chemical-Analytics-Platform/master/README.md
marzipan,https://github.com/NLeSC-GO-common-infrastructure/marzipan,https://raw.githubusercontent.com/NLeSC-GO-common-infrastructure/marzipan/main/README.md
QUICKLB,https://quicklb.readthedocs.io,https://raw.githubusercontent.com/NLESC-JCER/QUICKLB/main/README.md
QMCBlip,https://github.com/NLESC-JCER/QMCblip,https://raw.githubusercontent.com/NLESC-JCER/QMCblip/master/README.md
QMCTorch,https://qmctorch.readthedocs.io/en/latest/,https://raw.githubusercontent.com/NLESC-JCER/QMCTorch/master/README.md
Davidson diagonalization in Fortran,https://github.com/NLESC-JCER/Fortran_Davidson,https://raw.githubusercontent.com/NLESC-JCER/Fortran_Davidson/master/README.md
Eigencuda,https://github.com/NLESC-JCER/EigenCuda,https://raw.githubusercontent.com/NLESC-JCER/EigenCuda/master/README.md
TaxoTagger Webapp,https://github.com/MycoAI/taxotagger-webapp,https://raw.githubusercontent.com/MycoAI/taxotagger-webapp/main/README.md
Motus Wildlife Tracking System,https://motus.org/,https://raw.githubusercontent.com/MotusWTS/motus/main/README.md
SARXarray,https://github.com/MotionbyLearning/sarxarray/blob/main/examples/demo_sarxarray.ipynb,https://raw.githubusercontent.com/MotionbyLearning/sarxarray/main/README.md
the FAIR extension,https://chrome.google.com/webstore/detail/the-fair-extension/pjmiddoifhbhbfcppdbmaigdeoiochdg,https://raw.githubusercontent.com/MaastrichtU-Library/the-FAIR-extension/main/README.md
Cerise,http://cerise.readthedocs.io/en/latest/introduction.html,https://raw.githubusercontent.com/MD-Studio/cerise/master/README.md
MDStudio,https://github.com/MD-Studio/MDStudio,https://raw.githubusercontent.com/MD-Studio/MDStudio/master/README.md
LXCat,https://github.com/LXCat-project/LXCat,https://raw.githubusercontent.com/LXCat-project/LXCat/main/README.md
sfb-annotator,https://github.com/LINNAE-project/SFB-Annotator/blob/master/README.md,https://raw.githubusercontent.com/LINNAE-project/SFB-Annotator/master/README.md
htr-quality-classifier,https://github.com/LAHTeR/htr-quality-classifier/blob/main/README.md,https://raw.githubusercontent.com/LAHTeR/htr-quality-classifier/main/README.md
ochre,https://github.com/KBNLresearch/ochre,https://raw.githubusercontent.com/KBNLresearch/ochre/master/README.md
Rocket,https://github.com/JungleComputing/rocket,https://raw.githubusercontent.com/JungleComputing/rocket/master/README.md
ICD_GEMs.jl,https://juliahealth.org/ICD_GEMs.jl/dev,https://raw.githubusercontent.com/JuliaHealth/ICD_GEMs.jl/main/README.md
MultilayerGraphs.jl,https://juliagraphs.org/MultilayerGraphs.jl/dev,https://raw.githubusercontent.com/JuliaGraphs/MultilayerGraphs.jl/main/README.md
BestieTemplate.jl,https://JuliaBesties.github.io/BestieTemplate.jl,https://raw.githubusercontent.com/JuliaBesties/BestieTemplate.jl/main/README.md
Islandora,https://www.islandora.ca/,https://raw.githubusercontent.com/Islandora/islandora/main/README.md
COVID-19 Integrated Surveillance Data in Italy,https://github.com/InPhyT/COVID19-Italy-Integrated-Surveillance-Data,https://raw.githubusercontent.com/InPhyT/COVID19-Italy-Integrated-Surveillance-Data/main/README.md
UFEMISM2.0,https://github.com/IMAU-paleo/UFEMISM2.0/,https://raw.githubusercontent.com/IMAU-paleo/UFEMISM2.0/main/README.md
ICOS data repository,https://github.com/ICOS-Carbon-Portal/meta#information-for-developers,https://raw.githubusercontent.com/ICOS-Carbon-Portal/meta/master/README.md
GrainLearning,https://grainlearning.readthedocs.io/en/latest/?badge=latest,https://raw.githubusercontent.com/GrainLearning/grainLearning/main/README.md
sv-gen,https://github.com/GooglingTheCancerGenome/sv-gen/blob/master/README.md,https://raw.githubusercontent.com/GooglingTheCancerGenome/sv-gen/master/README.md
sv-channels,https://github.com/GooglingTheCancerGenome/sv-channels/blob/master/README.md,https://raw.githubusercontent.com/GooglingTheCancerGenome/sv-channels/master/README.md
sv-callers,https://github.com/GooglingTheCancerGenome/sv-callers/blob/master/README.md,https://raw.githubusercontent.com/GooglingTheCancerGenome/sv-callers/master/README.md
gemdat,https://gemdat.readthedocs.io,https://raw.githubusercontent.com/GEMDAT-repos/GEMDAT/main/README.md
Nunaliit,https://nunaliit.org/,https://raw.githubusercontent.com/GCRC/nunaliit/master/README.md
PROTEUS,https://github.com/FormingWorlds/PROTEUS,https://raw.githubusercontent.com/FormingWorlds/PROTEUS/main/README.md
Stroll,https://github.com/Filter-Bubble/stroll,https://raw.githubusercontent.com/Filter-Bubble/stroll/master/README.md
e2e-Dutch,https://github.com/Filter-Bubble/e2e-Dutch,https://raw.githubusercontent.com/Filter-Bubble/e2e-Dutch/master/README.md
FastMLC,https://github.com/FastMLC/fMLC,https://raw.githubusercontent.com/FastMLC/fMLC/master/README.md
LLview,https://llview.fz-juelich.de/,https://raw.githubusercontent.com/FZJ-JSC/LLview/main/README.md
JUBE,https://apps.fz-juelich.de/jsc/jube/jube2/docu/index.html,https://raw.githubusercontent.com/FZJ-JSC/JUBE/master/README.md
FLAME GPU,https://docs.flamegpu.com/,https://raw.githubusercontent.com/FLAMEGPU/.github/main/README.md
FHIR to CAPACITY,https://github.com/FAIR-data-for-CAPACITY/FHIR-to-CAPACITY,https://raw.githubusercontent.com/FAIR-data-for-CAPACITY/FHIR-to-CAPACITY/master/README.md
Orange3 Argument Mining Add-on,https://orange3-argument.readthedocs.io/en/latest/,https://raw.githubusercontent.com/EyeofBeholder-NLeSC/orange3-argument/main/README.md
ExploreASL,https://github.com/ExploreASL/ExploreASL,https://raw.githubusercontent.com/ExploreASL/ExploreASL/main/README.md
ESMValTool,https://tutorial.esmvaltool.org,https://raw.githubusercontent.com/ESMValGroup/ESMValTool/main/README.md
ESMValCore,https://docs.esmvaltool.org/projects/esmvalcore/en/latest/quickstart/install.html,https://raw.githubusercontent.com/ESMValGroup/ESMValCore/main/README.md
NetCDF2LittleR,https://github.com/ERA-URBAN/netcdf2littler,https://raw.githubusercontent.com/ERA-URBAN/netcdf2littler/master/README.md
fm128-radar,https://github.com/ERA-URBAN/fm128_radar,https://raw.githubusercontent.com/ERA-URBAN/fm128_radar/master/README.rst
lofar-ld,https://github.com/EOSC-LOFAR/lofar-ld/blob/master/README.md,https://raw.githubusercontent.com/EOSC-LOFAR/lofar-ld/master/README.md
ece2cmor3,https://github.com/EC-Earth/ece2cmor3,https://raw.githubusercontent.com/EC-Earth/ece2cmor3/master/README.md
Satsense,https://github.com/DynaSlum/satsense,https://raw.githubusercontent.com/DynaSlum/satsense/master/README.rst
BIAS,https://github.com/Dvermetten/BIAS#setup,https://raw.githubusercontent.com/Dvermetten/BIAS/master/README.md
PSSMGen,https://github.com/DeepRank/pssmgen,https://raw.githubusercontent.com/DeepRank/pssmgen/master/README.md
pdb2sql,https://pdb2sql.readthedocs.io,https://raw.githubusercontent.com/DeepRank/pdb2sql/master/README.md
iScore,https://iscoredoc.readthedocs.io/,https://raw.githubusercontent.com/DeepRank/iScore/master/README.md
DeepRank2,https://deeprank2.readthedocs.io/en/latest/getstarted.html,https://raw.githubusercontent.com/DeepRank/deeprank2/main/README.md
DeepRank,https://github.com/DeepRank/deeprank,https://raw.githubusercontent.com/DeepRank/deeprank/master/README.md
Unraphael,https://unraphael.readthedocs.io/en/latest/,https://raw.githubusercontent.com/DecodingRaphael/unraphael/main/README.md
CoupledNODE,https://github.com/DEEPDIP-project/CoupledNODE.jl,https://raw.githubusercontent.com/DEEPDIP-project/CoupledNODE.jl/main/README.md
ConvolutionalNeuralOperators.jl,https://github.com/DEEPDIP-project/ConvolutionalNeuralOperator.jl,https://raw.githubusercontent.com/DEEPDIP-project/ConvolutionalNeuralOperator.jl/main/README.md
AttentionLayer.jl,https://github.com/DEEPDIP-project/AttentionLayer.jl,https://raw.githubusercontent.com/DEEPDIP-project/AttentionLayer.jl/main/README.md
Magic Castle,https://github.com/ComputeCanada/magic_castle/blob/main/docs/developers.md,https://raw.githubusercontent.com/ComputeCanada/magic_castle/main/README.md
grlc,http://grlc.io/,https://raw.githubusercontent.com/CLARIAH/grlc/master/README.md
BlueObelisk Euclid,https://github.com/BlueObelisk/euclid,https://raw.githubusercontent.com/BlueObelisk/euclid/main/README.md
Nature Counts,https://naturecounts.ca/nc/default/main.jsp,https://raw.githubusercontent.com/BirdsCanada/naturecounts/main/README.md
DoE2Vec,https://github.com/Basvanstein/doe2vec#install-package-via-pip,https://raw.githubusercontent.com/Basvanstein/doe2vec/main/README.md
Arena-Crowds,https://github.com/ArenA-Crowds/Crowds,https://raw.githubusercontent.com/ArenA-Crowds/Crowds/master/README.md
ANNUBeS,https://github.com/ANNUBS/annubes?tab=readme-ov-file#get-started,https://raw.githubusercontent.com/ANNUBS/annubes/main/README.md
s2spy,https://ai4s2s.readthedocs.io/,https://raw.githubusercontent.com/AI4S2S/s2spy/main/README.md
Lilio,https://lilio.readthedocs.io/en/latest/,https://raw.githubusercontent.com/AI4S2S/lilio/main/README.md
evidence,https://github.com/ADAH-EviDENce/evidence,https://raw.githubusercontent.com/ADAH-EviDENce/evidence/master/README.md
AMBER,https://github.com/AA-ALERT/AMBER,https://raw.githubusercontent.com/AA-ALERT/AMBER/master/README.md
mzRecal,https://github.com/524D/mzrecal#what-does-mzrecal-do,https://raw.githubusercontent.com/524D/mzrecal/master/README.md
compareMS2,https://github.com/524D/compareMS2#1-Introduction,https://raw.githubusercontent.com/524D/compareMS2/main/README.md
KNIME node archetype,https://github.com/3D-e-Chem/tycho-knime-node-archetype,https://raw.githubusercontent.com/3D-e-Chem/tycho-knime-node-archetype/master/README.md
KNIME Testflow,https://github.com/3D-e-Chem/knime-testflow,https://raw.githubusercontent.com/3D-e-Chem/knime-testflow/master/README.md
KNIME ss-TEA node,https://github.com/3D-e-Chem/knime-sstea,https://raw.githubusercontent.com/3D-e-Chem/knime-sstea/master/README.md
KNIME Silicos-it nodes,https://github.com/3D-e-Chem/knime-silicos-it,https://raw.githubusercontent.com/3D-e-Chem/knime-silicos-it/master/README.md
KNIME Python wrapper,https://github.com/3D-e-Chem/knime-python-wrapper,https://raw.githubusercontent.com/3D-e-Chem/knime-python-wrapper/master/README.md
KNIME Python node archetype,https://github.com/3D-e-Chem/knime-python-node-archetype,https://raw.githubusercontent.com/3D-e-Chem/knime-python-node-archetype/master/README.md
KNIME PLANTS,https://github.com/3D-e-Chem/knime-plants#installation,https://raw.githubusercontent.com/3D-e-Chem/knime-plants/master/README.md
KNIME Pharmacophore,https://github.com/3D-e-Chem/knime-pharmacophore,https://raw.githubusercontent.com/3D-e-Chem/knime-pharmacophore/master/README.md
KNIME molecule viewer nodes,https://github.com/3D-e-Chem/knime-molviewer,https://raw.githubusercontent.com/3D-e-Chem/knime-molviewer/master/README.md
KLIFS KNIME nodes,https://github.com/3D-e-Chem/knime-klifs,https://raw.githubusercontent.com/3D-e-Chem/knime-klifs/master/README.md
KNIME GPCRdb nodes,https://github.com/3D-e-Chem/knime-gpcrdb#installation,https://raw.githubusercontent.com/3D-e-Chem/knime-gpcrdb/master/README.md
KNIME node for Kripo,https://www.knime.com/3d-e-chem-nodes-for-knime,https://raw.githubusercontent.com/3D-e-Chem/knime-gpcrdb/master/README.md
3D-e-Chem Virtual Machine,https://github.com/3D-e-Chem/3D-e-Chem-VM#usage,https://raw.githubusercontent.com/3D-e-Chem/3D-e-Chem-VM/master/README.md
open-DARTS,https://open-darts.gitlab.io/open-darts/,https://gitlab.com/open-darts/open-darts/-/blob/main/README.md?ref_type=heads
MagnumPI - Potential Integrator,https://gitlab.com/magnumpi/magnumpi,https://gitlab.com/magnumpi/magnumpi/-/blob/master/README.md?ref_type=heads
LinkAhead,https://docs.indiscale.com/,https://gitlab.com/linkahead/linkahead-server/-/blob/main/README.md?ref_type=heads
eOSSR ,https://escape2020.pages.in2p3.fr/wp3/eossr/,https://gitlab.com/escape-ossr/eossr/-/blob/master/README.md?ref_type=heads
LXCat schema,https://www.npmjs.com/package/@lxcat/schema,https://gitlab.com/LXCat-project/lxcat/-/blob/main/packages/schema/README.md
LARA,https://gitlab.com/LARAsuite/lara/-/blob/master/README.md?ref_type=heads,https://gitlab.com/LARAsuite/lara/-/blob/master/README.md?ref_type=heads
 PanTools,https://pantools.readthedocs.io/en/stable/,https://git.wur.nl/bioinformatics/pantools/-/blob/pantools_v4/README.md?ref_type=heads
Rucio deployment for KM3NeT,https://git.km3net.de/rucio/rucio-deployment/-/blob/main/docs/installation.md,https://git.km3net.de/rucio/rucio-deployment/-/blob/main/README.md?ref_type=heads
DuMux,https://dumux.org,https://git.iws.uni-stuttgart.de/dumux-repositories/dumux/-/blob/master/README.md?ref_type=heads
PIDIMEHS library,https://bitbucket.org/egpbos/pidilib,https://bitbucket.org/egpbos/pidilib/src/master/README.md
DeepRank GNN,https://deeprank-gnn.readthedocs.io/en/latest/,https://raw.githubusercontent.com/DeepRank/Deeprank-GNN/refs/heads/master/README.md
ceiba-cli,https://ceiba-cli.readthedocs.io/en/latest/?badge=latest,https://raw.githubusercontent.com/nlesc-nano/ceiba-cli/refs/heads/main/README.rst
CrowdED,,https://raw.githubusercontent.com/MaastrichtU-IDS/crowdED/refs/heads/master/README.md
asrlitcompare,,https://raw.githubusercontent.com/langtonhugh/asreview_irr/refs/heads/main/README.md
Medical Image Processing in Python,,https://raw.githubusercontent.com/carpentries-incubator/medical-image-processing/refs/heads/main/README.md
Swan,https://swan.readthedocs.io/en/latest/index.html,https://raw.githubusercontent.com/nlesc-nano/swan/refs/heads/main/README.rst
EC-Earth,https://ec-earth-4-docs.readthedocs.io/en/latest/,Not Found
Mixed Meal Model SBML,,https://raw.githubusercontent.com/Computational-Biology-TUe/mixed_meal_model_sbml/refs/heads/main/README.md
Remote BMI,,https://raw.githubusercontent.com/eWaterCycle/remotebmi/refs/heads/main/README.md
ROOT,https://root.cern,https://raw.githubusercontent.com/root-project/root/refs/heads/master/README.md
pyTAMS,,https://raw.githubusercontent.com/nlesc-eTAOC/pyTAMS/refs/heads/main/README.md
howfairis,https://pypi.org/project/howfairis/,https://raw.githubusercontent.com/fair-software/howfairis/refs/heads/main/README.rst
CAT,https://cat.readthedocs.io/en/latest/index.html,https://raw.githubusercontent.com/nlesc-nano/CAT/refs/heads/master/README.rst
talkr,,https://raw.githubusercontent.com/elpaco-escience/talkr/refs/heads/main/README.md
PyStemmusScope,,https://raw.githubusercontent.com/EcoExtreML/STEMMUS_SCOPE_Processing/refs/heads/main/README.md
Ceiba,https://ceiba.readthedocs.io,https://raw.githubusercontent.com/nlesc-nano/ceiba/refs/heads/main/README.rst
Clustering Geo-data Cubes,https://cgc.readthedocs.io,https://raw.githubusercontent.com/phenology/cgc/refs/heads/master/README.rst
DG_RoomAcoustics,,https://raw.githubusercontent.com/Building-acoustics-TU-Eindhoven/edg-acoustics/refs/heads/main/README.md
ReaxPro framework ontology,,https://raw.githubusercontent.com/simphony/reaxpro-framework-ontology/refs/heads/main/README.md
Inseq,https://inseq.org/en/latest/examples/quickstart.html,https://raw.githubusercontent.com/inseq-team/inseq/refs/heads/main/README.md
oTree Demo Experiments,,Not Found
NeuroGym,,https://raw.githubusercontent.com/neurogym/neurogym/refs/heads/main/README.md
ShareTrait website,https://sharetrait.org/,Not Found
cwltool,https://cwltool.readthedocs.io/,https://raw.githubusercontent.com/common-workflow-language/cwltool/refs/heads/main/README.rst
ccglib,,Not Found
test-bitbucket,,Not Found
c3s-magic-wps,https://c3s-magic-wps.readthedocs.io/en/latest/index.html,https://raw.githubusercontent.com/c3s-magic/c3s-magic-wps/refs/heads/master/README.rst
pypfilt,https://pypfilt.readthedocs.io/en/latest/,Not Found
SyGMa,http://sygma.readthedocs.io,https://raw.githubusercontent.com/3D-e-Chem/sygma/refs/heads/master/README.rst
Rucio policy package for KM3NeT,,Not Found
kunefe,,https://raw.githubusercontent.com/mess-nlesc/kunefe/refs/heads/main/README.md
eEcology Tracker calendar,http://www.uva-bits.nl/virtual-lab/,https://raw.githubusercontent.com/NLeSC/eEcology-script-wrapper/refs/heads/master/README.rst
SLEPLET,,https://raw.githubusercontent.com/astro-informatics/sleplet/refs/heads/main/README.md
ReaxPro wrappers,,https://raw.githubusercontent.com/simphony/reaxpro-wrappers/refs/heads/main/README.md
CMLXOM,,https://raw.githubusercontent.com/BlueObelisk/cmlxom/refs/heads/main/README.md
jaspProcess,,https://raw.githubusercontent.com/jasp-stats/jaspProcess/refs/heads/master/README.md
asreview-simulation,,https://raw.githubusercontent.com/asreview-simulation/asreview-simulation/refs/heads/main/README.md
JURI,,https://raw.githubusercontent.com/FZJ-JSC/JURI/refs/heads/main/README.md
holodev,,https://raw.githubusercontent.com/joenio/holodev/refs/heads/master/README.md
PyXenon,http://pyxenon.readthedocs.io/en/latest/,https://raw.githubusercontent.com/xenon-middleware/pyxenon/refs/heads/master/README.rst
EEG_age_prediction,,https://raw.githubusercontent.com/eegyolk-ai/EEG_age_prediction/refs/heads/main/README.md
SmartPlay,,https://raw.githubusercontent.com/ctwhome/SmartPlay/refs/heads/main/README.md
STEMMUS_SCOPE,,https://raw.githubusercontent.com/EcoExtreML/STEMMUS_SCOPE/refs/heads/main/README.md
nlppln,http://nlppln.readthedocs.io/en/latest/installation.html,https://raw.githubusercontent.com/nlppln/nlppln/refs/heads/master/README.rst
xtas,http://xtas.net/setup.html,https://raw.githubusercontent.com/NLeSC/xtas/refs/heads/master/README.rst
Excel-to-fhir,,https://raw.githubusercontent.com/nwo-strap/excel-to-fhir/refs/heads/main/README.md
qumia-train-scripts,,https://raw.githubusercontent.com/QUMIA/train-scripts/refs/heads/main/README.md
quafing,,https://raw.githubusercontent.com/SDCCA/quafing/refs/heads/main/README.md
yatiml,https://yatiml.readthedocs.io,https://raw.githubusercontent.com/yatiml/yatiml/refs/heads/develop/README.rst
flamingo,https://flamingo-molecular-properties-calculator.readthedocs.io/en/latest/,https://raw.githubusercontent.com/nlesc-nano/flamingo/refs/heads/main/README.rst
cerulean,https://cerulean.readthedocs.io/en/latest/,https://raw.githubusercontent.com/NaturalHPC/cerulean/refs/heads/develop/README.rst
ROBIST,,https://raw.githubusercontent.com/JustinStarreveld/ROBIST/refs/heads/main/README.md
NNPDF,,https://raw.githubusercontent.com/NNPDF/nnpdf/refs/heads/master/README.md
slurm-mongo,,https://raw.githubusercontent.com/neelravi/slurm-mongo/refs/heads/main/README.md
PanVA,,https://raw.githubusercontent.com/PanBrowse/PanVA/refs/heads/main/README.md
PACTE,http://pacte.crim.ca/,Not Found
Virtual Health Gateway,https://vhg.indocresearch.org/,Not Found
NeuroAnalyzer,https://neuroanalyzer.org/,Not Found
Tissue Simulation Toolkit,https://www.mathbioleiden.nl/tst-docs/docs/html/index.html,https://raw.githubusercontent.com/mathbioleiden/Tissue-Simulation-Toolkit/refs/heads/TST2.0/README.rst
CanWIN,https://canwin-datahub.ad.umanitoba.ca/,Not Found
IMAGE-LAND-LUE,,https://raw.githubusercontent.com/UtrechtUniversity/IMAGE-LAND-LUE/refs/heads/main/README.md
BIRCH,http://home.cc.umanitoba.ca/~psgendb/,Not Found
ChemSpaX: A Python tool for local chemical space exploration,,https://raw.githubusercontent.com/EPiCs-group/chemspax/refs/heads/master/docs/README.md
Parallel Ice Sheet Model (PISM),https://www.pism.io/,https://raw.githubusercontent.com/pism/pism/refs/heads/main/README.rst
leakybucket,,https://raw.githubusercontent.com/eWaterCycle/leakybucket-bmi/refs/heads/main/README.md
PanTools-pipeline-v4,,https://raw.githubusercontent.com/eWaterCycle/leakybucket-bmi/refs/heads/main/README.md
CanGeo Project,http://cangeo.crim.ca/hydro,Not Found
MUSCLE3,https://muscle3.readthedocs.io/,https://raw.githubusercontent.com/multiscale/muscle3/refs/heads/develop/README.rst
PowerSensor3,,https://raw.githubusercontent.com/nlesc-recruit/PowerSensor3/refs/heads/main/README.md
ArcticConnect,https://arcticconnect.org/arcticconnect,https://raw.githubusercontent.com/GeoSensorWebLab/arctic-portal/refs/heads/master/README.markdown
NPLinker eScience Workshop GenMetMine Materials,https://doi.org/10.5281/zenodo.7801713,Not Found
Foot Progression Angle Estimation,,https://gitlab.utwente.nl/bss_development/movement-science/fpa-estimation/-/raw/main/README.MD?ref_type=heads
m4ma,,https://raw.githubusercontent.com/m4ma/m4ma/refs/heads/main/README.md
GenAP,https://genap.ca/,Not Found
TraP: The LOFAR Transients Pipeline ,https://docs.transientskp.org/,https://raw.githubusercontent.com/transientskp/tkp/refs/heads/master/README.rst
dhdt,https://dhdt.readthedocs.io,https://raw.githubusercontent.com/GO-Eratosthenes/dhdt/refs/heads/master/README.rst
dCacheFS,https://dcachefs.readthedocs.io,https://raw.githubusercontent.com/RS-DAT/dcachefs/refs/heads/master/README.rst
Arctic Web Map,https://webmap.arcticconnect.ca/#ac_3573/2/90.0/0.0,https://raw.githubusercontent.com/GeoSensorWebLab/arctic-biomap-server/refs/heads/master/README.markdown
STAC2dCache,https://stac2dcache.readthedocs.io/,https://raw.githubusercontent.com/RS-DAT/stac2dcache/refs/heads/main/README.rst
SlicerRT,http://slicerrt.github.io/,https://raw.githubusercontent.com/SlicerRt/SlicerRT/refs/heads/master/readme.txt
Ocean Networks Canada,https://data.oceannetworks.ca/home,Not Found
Zeeschuimer,,https://raw.githubusercontent.com/digitalmethodsinitiative/zeeschuimer/refs/heads/master/README.md
MSS-IMProv,https://www.msstudio.ca/mss-improv/,Not Found
zampy,,https://raw.githubusercontent.com/EcoExtreML/zampy/refs/heads/main/README.md
Mass Spec Studio,https://www.msstudio.ca/,Not Found
Web-enabled Awareness Research Network (WARN),https://data.oceannetworks.ca/home,Not Found
Tilbot,,https://raw.githubusercontent.com/tilbotio/tilbot-main/refs/heads/main/README.md
Research Portal for Secure Data Discovery Access and Collaboration,https://researchportal.indocresearch.org/,Not Found
Ldot,https://www.Ldot.org,Not Found
Streetview Segmentation,,https://raw.githubusercontent.com/UtrechtUniversity/streetview-segmentation/refs/heads/main/README.md
swyft,https://swyft.readthedocs.io/en/latest/,https://raw.githubusercontent.com/undark-lab/swyft/refs/heads/master/README.rst
dtscalibration,https://python-dts-calibration.readthedocs.io,https://raw.githubusercontent.com/dtscalibration/python-dts-calibration/refs/heads/main/README.rst
Scholia,https://scholia.toolforge.org/,https://raw.githubusercontent.com/WDscholia/scholia/refs/heads/master/README.rst
PathVisio,https://pathvisio.org/,https://raw.githubusercontent.com/PathVisio/pathvisio/refs/heads/master/readme.md
ARISE biocloud,https://gitlab.com/arise-biodiversity/biocloud/core/biocloud-core/-/blob/main/README.md?ref_type=heads#biocloud-core,Not Found
eitprocessing,,https://raw.githubusercontent.com/EIT-ALIVE/eitprocessing/refs/heads/main/README.md
infra-stemmus-scope,,https://raw.githubusercontent.com/EcoExtreML/infra/refs/heads/main/README.md
Arpra,,https://raw.githubusercontent.com/arpra-project/arpra/refs/heads/master/README.md
WEARDA,,https://raw.githubusercontent.com/LiacsProjects/Wearda/refs/heads/main/README.md
Canadian Writing Research Collaboratory (CWRC),https://cwrc.ca/,https://raw.githubusercontent.com/cwrc/beta.cwrc.ca/refs/heads/main/README.txt
TulipaEnergyModel,,https://raw.githubusercontent.com/TulipaEnergy/TulipaEnergyModel.jl/refs/heads/main/README.md
trex2champ,,https://raw.githubusercontent.com/neelravi/trex2champ/refs/heads/main/README.md
DataStream,https://mackenziedatastream.ca/en/,Not Found
iEnvironment,https://www.comap.ca/fwis/,Not Found
Lofar Predictive Maintenance,,Not Found
minimism,,Not Found
MINTED,https://data.oceannetworks.ca/home,Not Found
Mass Spec Studio for Clinical Proteomics,https://www.msstudio.ca/openms/,Not Found
Trustchain,,https://raw.githubusercontent.com/alan-turing-institute/trustchain/refs/heads/main/README.md
Aiida-CHAMP,,https://raw.githubusercontent.com/TREX-CoE/aiida-champ/refs/heads/master/README.md
User-Defined Oceanographic Data Products,https://data.oceannetworks.ca/home,Not Found
